{"dfs": {"0": {"nodeO": 38, "nodeD": 43, "path": [38, 7, 79, 34, 36, 46, 17, 72, 29, 71, 45, 91, 41, 66, 19, 81, 37, 95, 10, 32, 74, 31, 5, 84, 63, 53, 9, 43], "time": 7.82012939453125e-05}, "1": {"nodeO": 51, "nodeD": 33, "path": [51, 21, 90, 56, 11, 14, 27, 26, 92, 12, 97, 3, 85, 78, 77, 18, 13, 1, 58, 0, 16, 54, 89, 65, 82, 68, 80, 48, 75, 30, 64, 31, 5, 84, 38, 20, 42, 22, 53, 9, 43, 39, 23, 86, 93, 88, 57, 2, 76, 24, 44, 73, 50, 87, 15, 55, 28, 61, 35, 49, 4, 83, 59, 33], "time": 0.00015783309936523438}, "2": {"nodeO": 89, "nodeD": 17, "path": [89, 16, 0, 58, 1, 40, 33, 59, 83, 4, 49, 8, 97, 3, 85, 78, 77, 18, 13, 60, 51, 21, 90, 56, 11, 14, 27, 26, 92, 12, 35, 61, 28, 55, 15, 94, 50, 73, 24, 2, 76, 57, 88, 93, 25, 99, 62, 9, 53, 22, 20, 38, 7, 79, 34, 36, 46, 17], "time": 0.00010275840759277344}, "3": {"nodeO": 63, "nodeD": 96, "path": [63, 5, 84, 38, 7, 79, 34, 36, 46, 17, 72, 29, 71, 45, 91, 41, 66, 19, 81, 37, 95, 10, 32, 74, 31, 30, 64, 48, 80, 68, 82, 78, 3, 85, 27, 14, 11, 26, 92, 12, 97, 8, 4, 49, 35, 61, 28, 55, 15, 94, 96], "time": 0.00014734268188476562}, "4": {"nodeO": 18, "nodeD": 3, "path": [18, 13, 1, 58, 0, 16, 54, 89, 65, 82, 78, 3], "time": 6.222724914550781e-05}, "5": {"nodeO": 5, "nodeD": 54, "path": [5, 84, 38, 7, 79, 34, 36, 46, 17, 72, 29, 71, 45, 91, 41, 66, 19, 81, 37, 95, 10, 32, 74, 31, 30, 64, 48, 80, 68, 82, 78, 3, 85, 27, 14, 11, 26, 92, 12, 97, 8, 4, 49, 35, 61, 28, 55, 15, 94, 50, 73, 24, 2, 76, 57, 88, 93, 25, 99, 62, 9, 43, 39, 51, 60, 83, 59, 33, 40, 1, 58, 0, 16, 54], "time": 0.00014901161193847656}, "6": {"nodeO": 91, "nodeD": 14, "path": [91, 29, 17, 72, 46, 36, 7, 79, 34, 74, 31, 5, 84, 38, 20, 42, 22, 53, 9, 43, 39, 23, 86, 93, 88, 57, 2, 76, 24, 44, 73, 50, 87, 15, 55, 28, 61, 35, 12, 92, 26, 11, 14], "time": 8.749961853027344e-05}, "7": {"nodeO": 67, "nodeD": 99, "path": [67, 33, 59, 40, 1, 58, 0, 16, 54, 89, 65, 82, 78, 3, 85, 27, 14, 11, 26, 92, 12, 97, 8, 4, 49, 35, 61, 28, 55, 15, 94, 50, 73, 24, 2, 76, 57, 88, 93, 25, 99], "time": 8.511543273925781e-05}, "8": {"nodeO": 10, "nodeD": 47, "path": [10, 32, 74, 31, 5, 84, 38, 7, 79, 34, 36, 46, 17, 72, 29, 71, 45, 91, 41, 66, 19, 47], "time": 0.00014495849609375}, "9": {"nodeO": 88, "nodeD": 21, "path": [88, 57, 2, 76, 24, 44, 73, 50, 87, 15, 55, 28, 61, 35, 12, 92, 26, 11, 14, 27, 85, 3, 97, 8, 4, 83, 60, 13, 1, 58, 0, 16, 54, 89, 65, 82, 78, 77, 18, 19, 66, 41, 91, 29, 17, 72, 46, 36, 7, 79, 34, 74, 31, 5, 84, 38, 20, 42, 22, 53, 9, 43, 39, 51, 21], "time": 0.0001087188720703125}}, "AStar": {"0": {"nodeO": 38, "nodeD": 43, "path": [38, 63, 53, 9, 43], "cost": 26.308468999533872, "time": 0.0002346038818359375}, "1": {"nodeO": 51, "nodeD": 33, "path": [51, 60, 83, 59, 33], "cost": 88.71609889197929, "time": 0.0002567768096923828}, "2": {"nodeO": 89, "nodeD": 17, "path": [89, 65, 82, 68, 52, 10, 32, 74, 34, 46, 17], "cost": 98.59991235555103, "time": 0.0006132125854492188}, "3": {"nodeO": 63, "nodeD": 96, "path": [63, 53, 9, 43, 39, 86, 93, 88, 76, 24, 73, 15, 96], "cost": 120.98321442912581, "time": 0.01144862174987793}, "4": {"nodeO": 18, "nodeD": 3, "path": [18, 77, 78, 3], "cost": 29.20269517563342, "time": 0.0001785755157470703}, "5": {"nodeO": 5, "nodeD": 54, "path": [5, 31, 64, 48, 68, 82, 65, 54], "cost": 70.23072197798896, "time": 0.0004937648773193359}, "6": {"nodeO": 91, "nodeD": 14, "path": [91, 41, 66, 81, 37, 52, 68, 82, 78, 85, 27, 14], "cost": 106.90626410595605, "time": 0.0009670257568359375}, "7": {"nodeO": 67, "nodeD": 99, "path": [67, 59, 83, 60, 51, 39, 99], "cost": 116.89502978732105, "time": 0.0006058216094970703}, "8": {"nodeO": 10, "nodeD": 47, "path": [10, 95, 37, 81, 66, 47], "cost": 47.028981278080444, "time": 0.0002281665802001953}, "9": {"nodeO": 88, "nodeD": 21, "path": [88, 93, 86, 39, 51, 21], "cost": 51.59495193152499, "time": 0.0002951622009277344}}}